{"/home/sjl/workspace/HelloWorld/data/models/siamfpn_50_trainloss_1.1085_validloss_0.9913.pth": {"Basketball": 0.0038752052545156005, "Biker": 0.0073775989268947, "Bird1": 0.005485527544351075, "BlurBody": 0.01910464784716282, "BlurCar2": 0.03500203500203499, "BlurFace": 0.044334975369458116, "BlurOwl": 0.027243226926269702, "Bolt": 0.007346938775510205, "Box": 0.02969525450145604, "Car1": 0.013772175536881417, "Car4": 0.04342799335212081, "CarDark": 0.00278686538228523, "CarScale": 0.010015117157974297, "ClifBar": 0.02522195318805488, "Couple": 0.011564625850340135, "Crowds": 0.005351996706463564, "David": 0.03875968992248063, "Deer": 0.018779342723004692, "Diving": 0.012403100775193795, "DragonBaby": 0.010113780025284453, "Dudek": 0.029153670201705135, "Football": 0.004998684556695605, "Freeman4": 0.004038364462392731, "Girl": 0.048, "Human3": 0.01362948006057547, "Human4-2": 0.002213179124723352, "Human6": 0.00817700817700818, "Human9": 0.006088992974238876, "Ironman": 0.006597819850831899, "Jump": 0.010538641686182671, "Jumping": 0.011106039860033466, "Liquor": 0.01288257979814557, "Matrix": 0.01142857142857143, "MotorRolling": 0.014518002322880374, "Panda": 0.00580952380952381, "RedTeam": 0.013307512786136353, "Shaking": 0.002870189171559035, "Singer2": 0.02927400468384075, "Skating1": 0.003690476190476191, "Skating2-1": 0.01107419712070875, "Skating2-2": 0.007349239907379441, "Skiing": 0.013521457965902409, "Soccer": 0.020286686103012628, "Surfer": 0.005825734549138805, "Sylvester": 0.027438484687555328, "Tiger2": 0.018395303326810174, "Trellis": 0.04820487070047705, "Walking": 0.004160887656033287, "Walking2": 0.004952380952380953, "Woman": 0.00821568158251575, "all_video": 0.015588194329303454}}