{"/home/sjl/workspace/HelloWorld/data/models/siamfpn_43_trainloss_1.0989_validloss_1.0030.pth": {"Basketball": 0.00407224958949097, "Biker": 0.008383635144198523, "Bird1": 0.0030345471521942106, "Bird2": 0.018759018759018763, "BlurBody": 0.017251211861990308, "BlurCar1": 0.030868951354126553, "BlurCar2": 0.035327635327635325, "BlurCar3": 0.020941710017340267, "BlurCar4": 0.0349624060150376, "BlurFace": 0.043658842847483816, "BlurOwl": 0.024526450833899323, "Board": 0.07006412880338383, "Bolt": 0.007346938775510205, "Bolt2": 0.020477815699658702, "Box": 0.029408145687215444, "Boy": 0.005774402784369561, "Car1": 0.001073762838468721, "Car2": 0.014916810097532984, "Car24": 0.004919130123445259, "Car4": 0.009971818773032734, "CarDark": 0.003513873742881376, "CarScale": 0.01757369614512471, "ClifBar": 0.02592816787732042, "Coke": 0.006054655539191621, "Couple": 0.009183673469387756, "Coupon": 0.0059705839522353294, "Crossing": 0.011507936507936509, "Crowds": 0.005351996706463564, "Dancer": 0.05269841269841271, "Dancer2": 0.02, "David2": 0.0039904229848363925, "David3": 0.015117157974300828, "Deer": 0.037558685446009384, "Diving": 0.011517165005537096, "Dog": 0.008998875140607421, "Dog1": 0.042081128747795404, "Doll": 0.004722550177095633, "DragonBaby": 0.011799410029498528, "Dudek": 0.0014556040756914118, "FaceOcc1": 0.006352765321375188, "FaceOcc2": 0.039467511142387994, "Fish": 0.03971588635454182, "FleetFace": 0.0195325655014481, "Football": 0.0040778742436200985, "Football1": 0.014800514800514798, "Freeman1": 0.0105170902716915, "Freeman3": 0.018115942028985504, "Freeman4": 0.012115093387178194, "Girl": 0.04733333333333334, "Girl2": 0.01809523809523809, "Gym": 0.0037250884708511824, "Human2": 0.04040020263424519, "Human3": 0.015424308710527792, "Human4-2": 0.0026415363746698076, "Human5": 0.002270754023909704, "Human6": 0.008116883116883118, "Human7": 0.008571428571428572, "Human8": 0.04055059523809524, "Human9": 0.008118657298985164, "Ironman": 0.007745266781411358, "Jump": 0.010538641686182671, "Jumping": 0.013996652974288754, "KiteSurf": 0.013038548752834469, "Lemming": 0.01728685486170516, "Liquor": 0.012827876699215014, "Man": 0.014214641080312725, "Matrix": 0.042857142857142864, "Mhyang": 0.04627676573985299, "MotorRolling": 0.020615563298490132, "MountainBike": 0.006056808688387636, "Panda": 0.03185714285714286, "RedTeam": 0.013332340235364218, "Rubik": 0.0455206619452989, "Shaking": 0.003783431180691455, "Singer1": 0.005833672500339167, "Singer2": 0.004683840749414521, "Skater": 0.016369047619047616, "Skater2": 0.011494252873563215, "Skating1": 0.005357142857142857, "Skating2-1": 0.011376220678546258, "Skating2-2": 0.00936273029296285, "Skiing": 0.019400352733686066, "Soccer": 0.01372691933916423, "Subway": 0.008979591836734696, "Surfer": 0.00430597771023303, "Suv": 0.03461829176114891, "Sylvester": 0.003823685608072225, "Tiger1": 0.005321326238231681, "Tiger2": 0.0037834311806914556, "Toy": 0.020558777016341595, "Trans": 0.0314900153609831, "Trellis": 0.040756548665160264, "Twinnings": 0.017756255044390636, "Vase": 0.04252328237568089, "Walking": 0.004276467868700878, "Walking2": 0.004761904761904762, "Woman": 0.008933556672250136, "all_video": 0.017424211433071976}, "/home/sjl/workspace/HelloWorld/data/models/siamfpn_50_trainloss_1.1085_validloss_0.9913.pth": {"Basketball": 0.0038752052545156005, "Biker": 0.0073775989268947, "Bird1": 0.005485527544351075, "Bird2": 0.011544011544011547, "BlurBody": 0.01910464784716282, "BlurCar1": 0.031125657810293923, "BlurCar2": 0.03500203500203499, "BlurCar3": 0.019741229825263436, "BlurCar4": 0.034837092731829576, "BlurFace": 0.044334975369458116, "BlurOwl": 0.027243226926269702, "Board": 0.07408923454768729, "Bolt": 0.007346938775510205, "Bolt2": 0.03039167885584269, "Box": 0.02969525450145604, "Boy": 0.001898433792121499, "Car1": 0.013772175536881417, "Car2": 0.022323058467636776, "Car24": 0.004763461448652687, "Car4": 0.04342799335212081, "CarDark": 0.00278686538228523, "CarScale": 0.010015117157974297, "ClifBar": 0.02522195318805488, "Coke": 0.007527409589265256, "Couple": 0.011564625850340135, "Coupon": 0.0059705839522353294, "Crossing": 0.011507936507936509, "Crowds": 0.005351996706463564, "Dancer": 0.01883597883597883, "Dancer2": 0.010793650793650791, "David2": 0.007892169903343087, "David3": 0.013605442176870744, "Deer": 0.018779342723004692, "Diving": 0.012403100775193795, "Dog": 0.010498687664041991, "Dog1": 0.04074074074074073, "Doll": 0.011228354978354978, "DragonBaby": 0.010113780025284453, "Dudek": 0.029153670201705135, "FaceOcc1": 0.05477258167841129, "FaceOcc2": 0.04022988505747127, "Fish": 0.040516206482593034, "FleetFace": 0.022496127163736782, "Football": 0.004998684556695605, "Football1": 0.01737451737451737, "Freeman1": 0.005696757230499561, "Freeman3": 0.010559006211180121, "Freeman4": 0.004038364462392731, "Girl": 0.048, "Girl2": 0.015936507936507933, "Gym": 0.0032284100080710245, "Human2": 0.04031577169875042, "Human3": 0.01362948006057547, "Human4-2": 0.002213179124723352, "Human5": 0.002270754023909704, "Human6": 0.00817700817700818, "Human7": 0.013333333333333334, "Human8": 0.038318452380952384, "Human9": 0.006088992974238876, "Ironman": 0.006597819850831899, "Jump": 0.010538641686182671, "Jumping": 0.011106039860033466, "KiteSurf": 0.013038548752834469, "Lemming": 0.016324493869404048, "Liquor": 0.01288257979814557, "Man": 0.009239516702203267, "Matrix": 0.01142857142857143, "Mhyang": 0.045797379354426335, "MotorRolling": 0.014518002322880374, "MountainBike": 0.004803675856307435, "Panda": 0.00580952380952381, "RedTeam": 0.013307512786136353, "Rubik": 0.04518682786083888, "Shaking": 0.002870189171559035, "Singer1": 0.0029846696513363183, "Singer2": 0.02927400468384075, "Skater": 0.021726190476190472, "Skater2": 0.03108921729611386, "Skating1": 0.003690476190476191, "Skating2-1": 0.01107419712070875, "Skating2-2": 0.007349239907379441, "Skiing": 0.013521457965902409, "Soccer": 0.020286686103012628, "Subway": 0.005714285714285714, "Surfer": 0.005825734549138805, "Suv": 0.03396321491559587, "Sylvester": 0.027438484687555328, "Tiger1": 0.004639104925637875, "Tiger2": 0.018395303326810174, "Toy": 0.052539096819539624, "Trans": 0.07872503840245774, "Trellis": 0.04820487070047705, "Twinnings": 0.014527845036319612, "Vase": 0.06624494816376734, "Walking": 0.004160887656033287, "Walking2": 0.004952380952380953, "Woman": 0.00821568158251575, "all_video": 0.019191311392635493}}