{"/home/selonsy/workspace/SiamFPN/data/models/siamfpn_50_trainloss_0.5121_validloss_0.4195.pth": {"Basketball": 0.04577996715927751, "Biker": 0.1579476861167002, "Bird1": 0.002567693744164332, "BlurBody": 0.18733960650128315, "BlurCar2": 0.1080993080993081, "BlurFace": 0.1710615280594997, "BlurOwl": 0.05033582371141802, "Bolt": 0.14244897959183667, "Box": 0.03387884008039046, "Car1": 0.19817927170868344, "Car4": 0.09798395837849558, "CarDark": 0.041560644614079725, "CarScale": 0.3180272108843537, "ClifBar": 0.08938660209846654, "Couple": 0.07619047619047618, "Crowds": 0.020172910662824207, "David": 0.034172480032352646, "Deer": 0.09054325955734406, "Diving": 0.0779623477297896, "DragonBaby": 0.18541930046354824, "Dudek": 0.06421293408192971, "Football": 0.1304919757958432, "Freeman4": 0.037691401648998826, "Girl": 0.18257142857142852, "Human3": 0.007067137809187281, "Human4-2": 0.010566145498679232, "Human6": 0.11604136604136606, "Human9": 0.18969555035128807, "Ironman": 0.0370051635111876, "Jump": 0.06557377049180325, "Jumping": 0.18150007606876614, "Liquor": 0.15243018516998988, "Matrix": 0.032380952380952385, "MotorRolling": 0.11149825783972123, "Panda": 0.018285714285714287, "RedTeam": 0.12778688117582798, "Shaking": 0.013959556425309848, "Singer2": 0.03096539162112933, "Skating1": 0.1302380952380952, "Skating2-1": 0.23024262559146283, "Skating2-2": 0.25088090204369273, "Skiing": 0.011757789535567312, "Soccer": 0.08612730806608358, "Surfer": 0.022922998986828775, "Sylvester": 0.11014338821030273, "Tiger2": 0.047227658186562285, "Trellis": 0.18327893547577204, "Walking": 0.01155802126675913, "Walking2": 0.2711428571428571, "Woman": 0.08821887213847013, "all_video": 0.10165042472071738}}